{
  "total_steps": 32,
  "train_losses": [
    {
      "step": 10,
      "loss": 2.604767417907715
    },
    {
      "step": 20,
      "loss": 1.959731101989746
    },
    {
      "step": 30,
      "loss": 1.159471607208252
    }
  ],
  "eval_losses": [
    {
      "step": 25,
      "eval_loss": 1.834291696548462
    },
    {
      "step": 32,
      "eval_loss": 1.8359142541885376
    }
  ],
  "overfitting_detected": false
}