{
  "total_steps": 24,
  "train_losses": [
    {
      "step": 5,
      "loss": 2.8335189819335938
    },
    {
      "step": 10,
      "loss": 2.279247283935547
    },
    {
      "step": 15,
      "loss": 1.8068555831909179
    },
    {
      "step": 20,
      "loss": 1.1820585250854492
    }
  ],
  "eval_losses": [
    {
      "step": 24,
      "eval_loss": 1.9357454776763916
    }
  ],
  "overfitting_detected": false
}