{
  "total_steps": 24,
  "train_losses": [
    {
      "step": 10,
      "loss": 2.61779727935791
    },
    {
      "step": 20,
      "loss": 1.4956344604492187
    }
  ],
  "eval_losses": [
    {
      "step": 24,
      "eval_loss": 2.2922089099884033
    }
  ],
  "overfitting_detected": false
}