{
  "total_steps": 36,
  "train_losses": [
    {
      "step": 10,
      "loss": 2.5575252532958985
    },
    {
      "step": 20,
      "loss": 1.879061508178711
    },
    {
      "step": 30,
      "loss": 1.0316900253295898
    }
  ],
  "eval_losses": [
    {
      "step": 25,
      "eval_loss": 1.9255013465881348
    },
    {
      "step": 36,
      "eval_loss": 1.9508097171783447
    }
  ],
  "overfitting_detected": false
}