{
  "total_steps": 24,
  "train_losses": [
    {
      "step": 10,
      "loss": 2.6638559341430663
    },
    {
      "step": 20,
      "loss": 1.6408115386962892
    }
  ],
  "eval_losses": [
    {
      "step": 24,
      "eval_loss": 1.943418025970459
    }
  ],
  "overfitting_detected": false
}